{
  "random_forest": {
    "accuracy": 0.9877351538770539,
    "precision": 0.07109126813771786,
    "recall": 0.9317329332333083,
    "f1": 0.13210306591857895
  },
  "gradient_boosting": {
    "accuracy": 0.9989718858116861,
    "precision": 0.484304932735426,
    "recall": 0.4051012753188297,
    "f1": 0.4411764705882353
  },
  "logistic_regression": {
    "accuracy": 0.9240585859747338,
    "precision": 0.012520166218528478,
    "recall": 0.9606151537884471,
    "f1": 0.024718168481198365
  }
}